{
  "model_type": "mace",
  "model_path": "/home/brmannanov/coursework/new_datasets/water/mace/water_ft.model",
  "dataset_path": "/home/brmannanov/coursework/new_datasets/water/convert/train_H2O.xyz",
  "dataset_name": "water_train",
  "n_cfg": 1274,
  "rmse_E_per_atom_eV": 0.0034274711706625584,
  "mae_E_per_atom_eV": 0.003099293262742165,
  "rmse_F_eV_A": 0.03993261438214859,
  "mae_F_eV_A": 0.02585266079460451,
  "rmse_F_meV_A": 39.932614382148586,
  "mae_F_meV_A": 25.85266079460451,
  "time_sec_total": 57.22625418752432
}