{
  "model_type": "mace",
  "model_path": "/home/brmannanov/coursework/new_datasets/alloy/mace/alloy_ft.model",
  "dataset_path": "/home/brmannanov/coursework/new_datasets/alloy/convert/train_alloy.xyz",
  "dataset_name": "alloy_train",
  "n_cfg": 1210,
  "rmse_E_per_atom_eV": 0.09123186361825394,
  "mae_E_per_atom_eV": 0.03751284493821095,
  "rmse_F_eV_A": 0.09760573327955008,
  "mae_F_eV_A": 0.06656744915990116,
  "rmse_F_meV_A": 97.60573327955008,
  "mae_F_meV_A": 66.56744915990116,
  "time_sec_total": 42.93754441291094
}