{
  "model_type": "mattersim",
  "model_path": "/home/brmannanov/coursework/new_datasets/water/mattersim/finetune_result/best_model.pth",
  "dataset_path": "/home/brmannanov/coursework/new_datasets/water/convert/train_H2O.xyz",
  "dataset_name": "water_train",
  "n_cfg": 1274,
  "rmse_E_per_atom_eV": 0.0010735502115732547,
  "mae_E_per_atom_eV": 0.0007075211050871804,
  "rmse_F_eV_A": 0.04826903848549501,
  "mae_F_eV_A": 0.03052953938421939,
  "rmse_F_meV_A": 48.26903848549501,
  "mae_F_meV_A": 30.52953938421939,
  "time_sec_total": 79.19129376672208
}