{
  "model": "MatterSim_default_1M",
  "n_cfg": 1669,
  "n_no_pbc": 0,
  "no_pbc_first10_idx": [],
  "cutoff_A": 5.0,
  "rmse_E_per_atom_eV": 647.6744834928287,
  "mae_E_per_atom_eV": 647.674483481323,
  "rmse_F_eV_A": 0.35233351221520387,
  "mae_F_eV_A": 0.23198044231715792,
  "rmse_F_meV_A": 352.3335122152039,
  "mae_F_meV_A": 231.98044231715792,
  "time_sec_total": 146.53820561990142,
  "time_sec_per_cfg": 0.08780000336722674
}